ORF	Name	Memo
YNL322C	KRE1	Cell wall glycoprotein involved in beta-glucan assembly; serves as a K1 killer toxin membrane receptor
YMR307W	GAS1	Beta-1,3-glucanosyltransferase; required for cell wall assembly and also has a role in transcriptional silencing; localizes to cell surface via a glycosylphosphatidylinositol (GPI) anchor; also found at nuclear periphery; genetic interactions with histone H3 lysine acetyltransferases GCN5 and SAS3 indicate previously unsuspected functions for Gas1 in DNA damage response and cell cycle regulation
YHR101C	BIG1	Integral membrane protein of the endoplasmic reticulum; required for normal content of cell wall beta-1,6-glucan
YOR336W	KRE5	Protein required for beta-1,6 glucan biosynthesis; mutations result in aberrant morphology and severe growth defects
YMR200W	ROT1	Molecular chaperone involved in protein folding in ER; mutation causes defects in cell wall synthesis and lysis of autophagic bodies, suppresses tor2 mutations, and is synthetically lethal with kar2-1 and with rot2 mutations; involved in N-linked glycosylation and O-mannosylation; transmembrane helix Ser250 is essential for Rot1p to interact with other membrane components and exert its functional role, avoiding exposure of Ser H-bonding group at lipid-exposed surface
YKL046C	DCW1	Putative mannosidase; GPI-anchored membrane protein required for cell wall biosynthesis in bud formation;homologous to Dfg5p
YNL243W	SLA2	Adaptor protein that links actin to clathrin and endocytosis; involved in membrane cytoskeleton assembly and cell polarization; present in the actin cortical patch of the emerging bud tip; dimer in vivo
YDR182W	CDC1	Putative mannose-ethanolamine phosphate phosphodiesterase; involved in GPI-anchor remodeling prior to the attachment of cell wall proteins to beta 1,3-glucan, removing ethanolamine phosphate from the first mannose of GPI anchors; mutants display elevated Ca2+-dependent signaling resulting in secondary actin polarization and Golgi inheritance defects; enzyme is Mn2+-dependent; mutants have cell division cycle defect and fragile cell walls
YGR229C	SMI1	Protein involved in the regulation of cell wall synthesis; proposed to be involved in coordinating cell cycle progression with cell wall integrity
YOR085W	OST3	Gamma subunit of the oligosaccharyltransferase complex of the ER lumen; complex catalyzes asparagine-linked glycosylation of newly synthesized proteins; Ost3p is important for N-glycosylation of a subset of proteins
YNL322C	KRE1	Cell wall glycoprotein involved in beta-glucan assembly; serves as a K1 killer toxin membrane receptor
YMR307W	GAS1	Beta-1,3-glucanosyltransferase; required for cell wall assembly and also has a role in transcriptional silencing; localizes to cell surface via a glycosylphosphatidylinositol (GPI) anchor; also found at nuclear periphery; genetic interactions with histone H3 lysine acetyltransferases GCN5 and SAS3 indicate previously unsuspected functions for Gas1 in DNA damage response and cell cycle regulation
YHR101C	BIG1	Integral membrane protein of the endoplasmic reticulum; required for normal content of cell wall beta-1,6-glucan
YKL046C	DCW1	Putative mannosidase; GPI-anchored membrane protein required for cell wall biosynthesis in bud formation;homologous to Dfg5p
YOR336W	KRE5	Protein required for beta-1,6 glucan biosynthesis; mutations result in aberrant morphology and severe growth defects
YDR320C	SWA2	Auxilin-like protein involved in vesicular transport; clathrin-binding protein required for uncoating of clathrin-coated vesicles
YDR162C	NBP2	Protein involved in the HOG (high osmolarity glycerol) pathway; negatively regulates Hog1p by recruitment of phosphatase Ptc1p to the Pbs2p-Hog1p complex; interacts with Bck1p and down regulates the cell wall integrity pathway; found in the nucleus and cytoplasm; contains an SH3 domain and a Ptc1p binding domain (PBM)
YNL243W	SLA2	Adaptor protein that links actin to clathrin and endocytosis; involved in membrane cytoskeleton assembly and cell polarization; present in the actin cortical patch of the emerging bud tip; dimer in vivo
YMR200W	ROT1	Molecular chaperone involved in protein folding in ER; mutation causes defects in cell wall synthesis and lysis of autophagic bodies, suppresses tor2 mutations, and is synthetically lethal with kar2-1 and with rot2 mutations; involved in N-linked glycosylation and O-mannosylation; transmembrane helix Ser250 is essential for Rot1p to interact with other membrane components and exert its functional role, avoiding exposure of Ser H-bonding group at lipid-exposed surface
YFL025C	BST1	GPI inositol deacylase of the endoplasmic reticulum (ER); negatively regulates COPII vesicle formation; prevents production of vesicles with defective subunits; required for proper discrimination between resident ER proteins and Golgi-bound cargo molecules; functional ortholog of human PGAP1, mutation of which is associated with intellectual disability and encephalopathy
YNL322C	KRE1	Cell wall glycoprotein involved in beta-glucan assembly; serves as a K1 killer toxin membrane receptor
YKL046C	DCW1	Putative mannosidase; GPI-anchored membrane protein required for cell wall biosynthesis in bud formation;homologous to Dfg5p
YDR162C	NBP2	Protein involved in the HOG (high osmolarity glycerol) pathway; negatively regulates Hog1p by recruitment of phosphatase Ptc1p to the Pbs2p-Hog1p complex; interacts with Bck1p and down regulates the cell wall integrity pathway; found in the nucleus and cytoplasm; contains an SH3 domain and a Ptc1p binding domain (PBM)
YMR307W	GAS1	Beta-1,3-glucanosyltransferase; required for cell wall assembly and also has a role in transcriptional silencing; localizes to cell surface via a glycosylphosphatidylinositol (GPI) anchor; also found at nuclear periphery; genetic interactions with histone H3 lysine acetyltransferases GCN5 and SAS3 indicate previously unsuspected functions for Gas1 in DNA damage response and cell cycle regulation
YGR229C	SMI1	Protein involved in the regulation of cell wall synthesis; proposed to be involved in coordinating cell cycle progression with cell wall integrity
YOR336W	KRE5	Protein required for beta-1,6 glucan biosynthesis; mutations result in aberrant morphology and severe growth defects
YHR101C	BIG1	Integral membrane protein of the endoplasmic reticulum; required for normal content of cell wall beta-1,6-glucan
YDL006W	PTC1	Type 2C protein phosphatase (PP2C); dephosphorylates Hog1p, inactivating osmosensing MAPK cascade; involved in Fus3p activation during pheromone response; deletion affects precursor tRNA splicing, mitochondrial inheritance, and sporulation
YAL058W	CNE1	Calnexin; integral membrane ER chaperone involved in folding and quality control of glycoproteins; chaperone activity is inhibited by Mpd1p, with which Cne1p interacts; 24% identical to mammalian calnexin; Ca+ binding not yet shown in yeast
YFL025C	BST1	GPI inositol deacylase of the endoplasmic reticulum (ER); negatively regulates COPII vesicle formation; prevents production of vesicles with defective subunits; required for proper discrimination between resident ER proteins and Golgi-bound cargo molecules; functional ortholog of human PGAP1, mutation of which is associated with intellectual disability and encephalopathy
YKL046C	DCW1	Putative mannosidase; GPI-anchored membrane protein required for cell wall biosynthesis in bud formation;homologous to Dfg5p
YNL322C	KRE1	Cell wall glycoprotein involved in beta-glucan assembly; serves as a K1 killer toxin membrane receptor
YDR162C	NBP2	Protein involved in the HOG (high osmolarity glycerol) pathway; negatively regulates Hog1p by recruitment of phosphatase Ptc1p to the Pbs2p-Hog1p complex; interacts with Bck1p and down regulates the cell wall integrity pathway; found in the nucleus and cytoplasm; contains an SH3 domain and a Ptc1p binding domain (PBM)
YAL058W	CNE1	Calnexin; integral membrane ER chaperone involved in folding and quality control of glycoproteins; chaperone activity is inhibited by Mpd1p, with which Cne1p interacts; 24% identical to mammalian calnexin; Ca+ binding not yet shown in yeast
YGR229C	SMI1	Protein involved in the regulation of cell wall synthesis; proposed to be involved in coordinating cell cycle progression with cell wall integrity
YGR166W	TRS65	Component of transport protein particle (TRAPP) complex II; TRAPPII is a multimeric guanine nucleotide-exchange factor for the GTPase Ypt1p, regulating intra-Golgi and endosome-Golgi traffic; role in cell wall beta-glucan biosynthesis and the stress response
YHR101C	BIG1	Integral membrane protein of the endoplasmic reticulum; required for normal content of cell wall beta-1,6-glucan
YOR336W	KRE5	Protein required for beta-1,6 glucan biosynthesis; mutations result in aberrant morphology and severe growth defects
YJL187C	SWE1	Protein kinase that regulates the G2/M transition; negative regulator of the Cdc28p kinase; morphogenesis checkpoint kinase; positive regulator of sphingolipid biosynthesis via Orm2p; phosphorylates a tyrosine residue in the N-terminus of Hsp90 in a cell-cycle associated manner, thus modulating the ability of Hsp90 to chaperone a selected clientele; localizes to the nucleus and to the daughter side of the mother-bud neck; homolog of S. pombe Wee1p; potential Cdc28p substrate
YDL006W	PTC1	Type 2C protein phosphatase (PP2C); dephosphorylates Hog1p, inactivating osmosensing MAPK cascade; involved in Fus3p activation during pheromone response; deletion affects precursor tRNA splicing, mitochondrial inheritance, and sporulation
YAL058W	CNE1	Calnexin; integral membrane ER chaperone involved in folding and quality control of glycoproteins; chaperone activity is inhibited by Mpd1p, with which Cne1p interacts; 24% identical to mammalian calnexin; Ca+ binding not yet shown in yeast
YJL187C	SWE1	Protein kinase that regulates the G2/M transition; negative regulator of the Cdc28p kinase; morphogenesis checkpoint kinase; positive regulator of sphingolipid biosynthesis via Orm2p; phosphorylates a tyrosine residue in the N-terminus of Hsp90 in a cell-cycle associated manner, thus modulating the ability of Hsp90 to chaperone a selected clientele; localizes to the nucleus and to the daughter side of the mother-bud neck; homolog of S. pombe Wee1p; potential Cdc28p substrate
YGL027C	CWH41	Processing alpha glucosidase I; ER type II integral membrane N-glycoprotein involved in assembly of cell wall beta 1,6 glucan and asparagine-linked protein glycosylation; also involved in ER protein quality control and sensing of ER stress
YOR336W	KRE5	Protein required for beta-1,6 glucan biosynthesis; mutations result in aberrant morphology and severe growth defects
YOR387C		Putative protein of unknown function; regulated by the metal-responsive Aft1p transcription factor; highly inducible in zinc-depleted conditions; localizes to the soluble fraction; SWAT-GFP and mCherry fusion proteins localize to the endoplasmic reticulum and vacuole respectively; YOR387C has a paralog, VEL1, that arose from a single-locus duplication
YBR229C	ROT2	Glucosidase II catalytic subunit; required to trim the final glucose in N-linked glycans; required for normal cell wall synthesis; mutations in rot2 suppress tor2 mutations, and are synthetically lethal with rot1 mutations
YMR147W	LDO45	Putative protein of unknown function; SWAT-GFP and mCherry fusion proteins localize to the cell periphery
YJL187C	SWE1	Protein kinase that regulates the G2/M transition; negative regulator of the Cdc28p kinase; morphogenesis checkpoint kinase; positive regulator of sphingolipid biosynthesis via Orm2p; phosphorylates a tyrosine residue in the N-terminus of Hsp90 in a cell-cycle associated manner, thus modulating the ability of Hsp90 to chaperone a selected clientele; localizes to the nucleus and to the daughter side of the mother-bud neck; homolog of S. pombe Wee1p; potential Cdc28p substrate
YAL058W	CNE1	Calnexin; integral membrane ER chaperone involved in folding and quality control of glycoproteins; chaperone activity is inhibited by Mpd1p, with which Cne1p interacts; 24% identical to mammalian calnexin; Ca+ binding not yet shown in yeast
YGL027C	CWH41	Processing alpha glucosidase I; ER type II integral membrane N-glycoprotein involved in assembly of cell wall beta 1,6 glucan and asparagine-linked protein glycosylation; also involved in ER protein quality control and sensing of ER stress
YNL322C	KRE1	Cell wall glycoprotein involved in beta-glucan assembly; serves as a K1 killer toxin membrane receptor
YHR101C	BIG1	Integral membrane protein of the endoplasmic reticulum; required for normal content of cell wall beta-1,6-glucan
YNL243W	SLA2	Adaptor protein that links actin to clathrin and endocytosis; involved in membrane cytoskeleton assembly and cell polarization; present in the actin cortical patch of the emerging bud tip; dimer in vivo
YOR336W	KRE5	Protein required for beta-1,6 glucan biosynthesis; mutations result in aberrant morphology and severe growth defects
YMR307W	GAS1	Beta-1,3-glucanosyltransferase; required for cell wall assembly and also has a role in transcriptional silencing; localizes to cell surface via a glycosylphosphatidylinositol (GPI) anchor; also found at nuclear periphery; genetic interactions with histone H3 lysine acetyltransferases GCN5 and SAS3 indicate previously unsuspected functions for Gas1 in DNA damage response and cell cycle regulation
YMR200W	ROT1	Molecular chaperone involved in protein folding in ER; mutation causes defects in cell wall synthesis and lysis of autophagic bodies, suppresses tor2 mutations, and is synthetically lethal with kar2-1 and with rot2 mutations; involved in N-linked glycosylation and O-mannosylation; transmembrane helix Ser250 is essential for Rot1p to interact with other membrane components and exert its functional role, avoiding exposure of Ser H-bonding group at lipid-exposed surface
YER151C	UBP3	Ubiquitin-specific protease involved in transport and osmotic response; negatively regulates Ras/PKA signaling; interacts with Bre5p to coregulate anterograde, retrograde transport between ER and Golgi; involved in transcription elongation in response to osmostress through phosphorylation at Ser695 by Hog1p; inhibitor of gene silencing; role in ribophagy; cleaves ubiquitin fusions but not polyubiquitin; protein abundance increases in response to DNA replication stress
YKL046C	DCW1	Putative mannosidase; GPI-anchored membrane protein required for cell wall biosynthesis in bud formation;homologous to Dfg5p
YBR288C	APM3	Mu3-like subunit of the clathrin associated protein complex (AP-3); functions in transport of alkaline phosphatase to the vacuole via the alternate pathway
YOR085W	OST3	Gamma subunit of the oligosaccharyltransferase complex of the ER lumen; complex catalyzes asparagine-linked glycosylation of newly synthesized proteins; Ost3p is important for N-glycosylation of a subset of proteins
YNL322C	KRE1	Cell wall glycoprotein involved in beta-glucan assembly; serves as a K1 killer toxin membrane receptor
YOR336W	KRE5	Protein required for beta-1,6 glucan biosynthesis; mutations result in aberrant morphology and severe growth defects
YMR200W	ROT1	Molecular chaperone involved in protein folding in ER; mutation causes defects in cell wall synthesis and lysis of autophagic bodies, suppresses tor2 mutations, and is synthetically lethal with kar2-1 and with rot2 mutations; involved in N-linked glycosylation and O-mannosylation; transmembrane helix Ser250 is essential for Rot1p to interact with other membrane components and exert its functional role, avoiding exposure of Ser H-bonding group at lipid-exposed surface
YHR101C	BIG1	Integral membrane protein of the endoplasmic reticulum; required for normal content of cell wall beta-1,6-glucan
YMR307W	GAS1	Beta-1,3-glucanosyltransferase; required for cell wall assembly and also has a role in transcriptional silencing; localizes to cell surface via a glycosylphosphatidylinositol (GPI) anchor; also found at nuclear periphery; genetic interactions with histone H3 lysine acetyltransferases GCN5 and SAS3 indicate previously unsuspected functions for Gas1 in DNA damage response and cell cycle regulation
YKL046C	DCW1	Putative mannosidase; GPI-anchored membrane protein required for cell wall biosynthesis in bud formation;homologous to Dfg5p
YNL243W	SLA2	Adaptor protein that links actin to clathrin and endocytosis; involved in membrane cytoskeleton assembly and cell polarization; present in the actin cortical patch of the emerging bud tip; dimer in vivo
YOR085W	OST3	Gamma subunit of the oligosaccharyltransferase complex of the ER lumen; complex catalyzes asparagine-linked glycosylation of newly synthesized proteins; Ost3p is important for N-glycosylation of a subset of proteins
YDR524W-C		Putative protein of unknown function; small ORF identified by SAGE; deletion strains are moderately sensitive to the radiomimetic drug bleomycin
YAL058W	CNE1	Calnexin; integral membrane ER chaperone involved in folding and quality control of glycoproteins; chaperone activity is inhibited by Mpd1p, with which Cne1p interacts; 24% identical to mammalian calnexin; Ca+ binding not yet shown in yeast
YKL046C	DCW1	Putative mannosidase; GPI-anchored membrane protein required for cell wall biosynthesis in bud formation;homologous to Dfg5p
YNL322C	KRE1	Cell wall glycoprotein involved in beta-glucan assembly; serves as a K1 killer toxin membrane receptor
YHR101C	BIG1	Integral membrane protein of the endoplasmic reticulum; required for normal content of cell wall beta-1,6-glucan
YOR336W	KRE5	Protein required for beta-1,6 glucan biosynthesis; mutations result in aberrant morphology and severe growth defects
YDR162C	NBP2	Protein involved in the HOG (high osmolarity glycerol) pathway; negatively regulates Hog1p by recruitment of phosphatase Ptc1p to the Pbs2p-Hog1p complex; interacts with Bck1p and down regulates the cell wall integrity pathway; found in the nucleus and cytoplasm; contains an SH3 domain and a Ptc1p binding domain (PBM)
YAL058W	CNE1	Calnexin; integral membrane ER chaperone involved in folding and quality control of glycoproteins; chaperone activity is inhibited by Mpd1p, with which Cne1p interacts; 24% identical to mammalian calnexin; Ca+ binding not yet shown in yeast
YNL323W	LEM3	Membrane protein of the plasma membrane and ER; interacts specifically in vivo with the phospholipid translocase (flippase) Dnf1p; involved in translocation of phospholipids and alkylphosphocholine drugs across the plasma membrane; null mutant requires tryptophan due to mislocalization of tryptophan permease Tat2p
YMR307W	GAS1	Beta-1,3-glucanosyltransferase; required for cell wall assembly and also has a role in transcriptional silencing; localizes to cell surface via a glycosylphosphatidylinositol (GPI) anchor; also found at nuclear periphery; genetic interactions with histone H3 lysine acetyltransferases GCN5 and SAS3 indicate previously unsuspected functions for Gas1 in DNA damage response and cell cycle regulation
YDL006W	PTC1	Type 2C protein phosphatase (PP2C); dephosphorylates Hog1p, inactivating osmosensing MAPK cascade; involved in Fus3p activation during pheromone response; deletion affects precursor tRNA splicing, mitochondrial inheritance, and sporulation
YJL139C	YUR1	Mannosyltransferase involved in protein N-glycosylation; member of the KTR1 family; located in the Golgi apparatus; YUR1 has a paralog, KTR2, that arose from the whole genome duplication
YAL058W	CNE1	Calnexin; integral membrane ER chaperone involved in folding and quality control of glycoproteins; chaperone activity is inhibited by Mpd1p, with which Cne1p interacts; 24% identical to mammalian calnexin; Ca+ binding not yet shown in yeast
YJL187C	SWE1	Protein kinase that regulates the G2/M transition; negative regulator of the Cdc28p kinase; morphogenesis checkpoint kinase; positive regulator of sphingolipid biosynthesis via Orm2p; phosphorylates a tyrosine residue in the N-terminus of Hsp90 in a cell-cycle associated manner, thus modulating the ability of Hsp90 to chaperone a selected clientele; localizes to the nucleus and to the daughter side of the mother-bud neck; homolog of S. pombe Wee1p; potential Cdc28p substrate
YJL187C	SWE1	Protein kinase that regulates the G2/M transition; negative regulator of the Cdc28p kinase; morphogenesis checkpoint kinase; positive regulator of sphingolipid biosynthesis via Orm2p; phosphorylates a tyrosine residue in the N-terminus of Hsp90 in a cell-cycle associated manner, thus modulating the ability of Hsp90 to chaperone a selected clientele; localizes to the nucleus and to the daughter side of the mother-bud neck; homolog of S. pombe Wee1p; potential Cdc28p substrate
YBR229C	ROT2	Glucosidase II catalytic subunit; required to trim the final glucose in N-linked glycans; required for normal cell wall synthesis; mutations in rot2 suppress tor2 mutations, and are synthetically lethal with rot1 mutations
YAL058W	CNE1	Calnexin; integral membrane ER chaperone involved in folding and quality control of glycoproteins; chaperone activity is inhibited by Mpd1p, with which Cne1p interacts; 24% identical to mammalian calnexin; Ca+ binding not yet shown in yeast
YLR324W	PEX30	ER-resident protein involved in peroxisomal biogenesis; ER-localized protein that associates with peroxisomes; interacts with Pex29p and reticulons Rtn1p and Yop1p to regulate peroxisome biogenesis from the ER; role in peroxisomal-destined vesicular flow from the ER; partially redundant with Pex31p; may function at a step downstream of steps mediated by Pex28p and Pex29p; PEX30 has a paralog, PEX31, that arose from the whole genome duplication
YAL012W	CYS3	Cystathionine gamma-lyase; catalyzes one of the two reactions involved in the transsulfuration pathway that yields cysteine from homocysteine with the intermediary formation of cystathionine; protein abundance increases in response to DNA replication stress
YIR026C	YVH1	Dual specificity protein phosphatase; regulates growth, sporulation, and glycogen accumulation in a cAMP-dependent protein kinase cascade dependent manner; mutants are defective in 60S ribosome assembly; positively regulates pre-autophagosomal structure (PAS) formation upon nitrogen starvation or rapamycin treatment
YOL161C	PAU20	Protein of unknown function; member of the seripauperin multigene family encoded mainly in subtelomeric regions; SWAT-GFP and mCherry fusion proteins localize to the vacuole; expression induced by low temperature and also by anaerobic conditions; induced during alcoholic fermentation
YOR336W	KRE5	Protein required for beta-1,6 glucan biosynthesis; mutations result in aberrant morphology and severe growth defects
YAL058W	CNE1	Calnexin; integral membrane ER chaperone involved in folding and quality control of glycoproteins; chaperone activity is inhibited by Mpd1p, with which Cne1p interacts; 24% identical to mammalian calnexin; Ca+ binding not yet shown in yeast
YJL187C	SWE1	Protein kinase that regulates the G2/M transition; negative regulator of the Cdc28p kinase; morphogenesis checkpoint kinase; positive regulator of sphingolipid biosynthesis via Orm2p; phosphorylates a tyrosine residue in the N-terminus of Hsp90 in a cell-cycle associated manner, thus modulating the ability of Hsp90 to chaperone a selected clientele; localizes to the nucleus and to the daughter side of the mother-bud neck; homolog of S. pombe Wee1p; potential Cdc28p substrate
YGR196C	FYV8	Protein of unknown function; required for survival upon exposure to K1 killer toxin
YHR030C	SLT2	Serine/threonine MAP kinase; coordinates expression of all 19S regulatory particle assembly-chaperones (RACs) to control proteasome abundance; involved in regulating maintenance of cell wall integrity, cell cycle progression, nuclear mRNA retention in heat shock, septum assembly; required for mitophagy, pexophagy; affects recruitment of mitochondria to phagophore assembly site; plays role in adaptive response of cells to cold; regulated by the PKC1-mediated signaling pathway
YLR459W	GAB1	GPI transamidase subunit; involved in attachment of glycosylphosphatidylinositol (GPI) anchors to proteins; may have a role in recognition of the attachment signal or of the lipid portion of GPI
YIR026C	YVH1	Dual specificity protein phosphatase; regulates growth, sporulation, and glycogen accumulation in a cAMP-dependent protein kinase cascade dependent manner; mutants are defective in 60S ribosome assembly; positively regulates pre-autophagosomal structure (PAS) formation upon nitrogen starvation or rapamycin treatment
YOL161C	PAU20	Protein of unknown function; member of the seripauperin multigene family encoded mainly in subtelomeric regions; SWAT-GFP and mCherry fusion proteins localize to the vacuole; expression induced by low temperature and also by anaerobic conditions; induced during alcoholic fermentation
YLR324W	PEX30	ER-resident protein involved in peroxisomal biogenesis; ER-localized protein that associates with peroxisomes; interacts with Pex29p and reticulons Rtn1p and Yop1p to regulate peroxisome biogenesis from the ER; role in peroxisomal-destined vesicular flow from the ER; partially redundant with Pex31p; may function at a step downstream of steps mediated by Pex28p and Pex29p; PEX30 has a paralog, PEX31, that arose from the whole genome duplication
YAL058W	CNE1	Calnexin; integral membrane ER chaperone involved in folding and quality control of glycoproteins; chaperone activity is inhibited by Mpd1p, with which Cne1p interacts; 24% identical to mammalian calnexin; Ca+ binding not yet shown in yeast
YBR229C	ROT2	Glucosidase II catalytic subunit; required to trim the final glucose in N-linked glycans; required for normal cell wall synthesis; mutations in rot2 suppress tor2 mutations, and are synthetically lethal with rot1 mutations
YAL023C	PMT2	Protein O-mannosyltransferase of the ER membrane; transfers mannose residues from dolichyl phosphate-D-mannose to protein serine/threonine residues; involved in ER quality control; acts in a complex with Pmt1p, can instead interact with Pmt5p; antifungal drug target; PMT2 has a paralog, PMT3, that arose from the whole genome duplication
YLR066W	SPC3	Subunit of signal peptidase complex; complex catalyzes cleavage of N-terminal signal sequences of proteins targeted to the secretory pathway; homologous to mammalian SPC22/23; other members of the complex are Spc1p, Spc2p, and Sec11p
YDR437W	GPI19	Subunit of GPI-GlcNAc transferase involved in synthesis of GlcNAc-PI; N-acetylglucosaminyl phosphatidylinositol (GlcNAc-PI) is the first intermediate in glycosylphosphatidylinositol (GPI) anchor synthesis; shares similarity with mammalian PIG-P
YOL013C	HRD1	Ubiquitin-protein ligase involved in ER-associated degradation (ERAD) of misfolded proteins; upon autoubiquitination triggers retrotranslocation of misfolded proteins to cytosol for degradation; genetically linked to the unfolded protein response (UPR); regulated through association with Hrd3p; contains an H2 ring finger; likely plays a general role in targeting proteins that persistently associate with and potentially obstruct the ER-localized translocon
YPL076W	GPI2	Protein involved in the synthesis of GlcNAc-PI; GlcNAc-PI is the first intermediate in the synthesis of glycosylphosphatidylinositol (GPI) anchors; homologous to the human PIG-C protein; GlcNAc-PI stands for N-acetylglucosaminyl phosphatidylinositol
YPL076W	GPI2	Protein involved in the synthesis of GlcNAc-PI; GlcNAc-PI is the first intermediate in the synthesis of glycosylphosphatidylinositol (GPI) anchors; homologous to the human PIG-C protein; GlcNAc-PI stands for N-acetylglucosaminyl phosphatidylinositol
YML055W	SPC2	Subunit of signal peptidase complex; complex catalyzes cleavage of N-terminal signal sequences of proteins targeted to the secretory pathway; homologous to mammalian SPC25; other members of the complex are Spc1p, Spc1p, and Sec11p
YMR264W	CUE1	Ubiquitin-binding protein; ER membrane protein that recruits and integrates the ubiquitin-conjugating enzyme Ubc7p into ER membrane-bound ubiquitin ligase complexes that function in the ER-associated degradation (ERAD) pathway for misfolded proteins; contains a CUE domain that binds ubiquitin to facilitate intramolecular monoubiquitination and to promote diubiquitin elongation, facilitating polyubiquitin chain formation
YDL193W	NUS1	Forms dehydrodolichyl diphosphate syntase complex with RER2 or SRT1; tet-repressible mutant shows accumulation of hypoglycosylated forms of CPY, suggesting that Nus1p may be involved in protein trafficking; mutations in human homolog NUS1 have been implicated in congenital scoliosis, neurological impairment, refractory epilepsy, hearing deficit, and visual impairment; human cis-prenyltransferase complex complements yeast null mutant
YPL096C-A	ERI1	Endoplasmic reticulum membrane protein that binds and inhibits Ras2p; binds to and inhibits GTP-bound Ras2p at the endoplasmic reticulum (ER); component of the GPI-GnT complex which catalyzes the first step in GPI-anchor biosynthesis; probable homolog of mammalian PIG-Y protein
YBL041W	PRE7	Beta 6 subunit of the 20S proteasome
YOR259C	RPT4	ATPase of the 19S regulatory particle of the 26S proteasome; one of six ATPases of the regulatory particle; involved in degradation of ubiquitinated substrates; contributes preferentially to ERAD; required for spindle pole body duplication; mainly nuclear localization
YOR117W	RPT5	ATPase of the 19S regulatory particle of the 26S proteasome; one of six ATPases of the regulatory particle; involved in the degradation of ubiquitinated substrates; recruited to the GAL1-10 promoter region upon induction of transcription; similar to human TBP1
YER094C	PUP3	Beta 3 subunit of the 20S proteasome; involved in ubiquitin-dependent catabolism; human homolog is subunit C10
YGL011C	SCL1	Alpha 1 subunit of the 20S proteasome; involved in the degradation of ubiquitinated substrates; 20S proteasome is the core complex of the 26S proteasome; essential for growth; detected in the mitochondria
YGL048C	RPT6	ATPase of the 19S regulatory particle of the 26S proteasome; one of six ATPases of the regulatory particle; involved in the degradation of ubiquitinated substrates; bound by ubiquitin-protein ligases Ubr1p and Ufd4p; localized mainly to the nucleus throughout the cell cycle; protein abundance increases in response to DNA replication stress
YOR362C	PRE10	Alpha 7 subunit of the 20S proteasome; protein abundance increases in response to DNA replication stress
YGR253C	PUP2	Alpha 5 subunit of the 20S proteasome; involved in ubiquitin-dependent catabolism; human homolog is subunit zeta
YFR050C	PRE4	Beta 7 subunit of the 20S proteasome
YDL007W	RPT2	ATPase of the 19S regulatory particle of the 26S proteasome; one of six ATPases of the regulatory particle; involved in the degradation of ubiquitinated substrates; required for normal peptide hydrolysis by the core 20S particle; N-myristoylation of Rpt2p at Gly2 is involved in regulating the proper intracellular distribution of proteasome activity by controlling the nuclear localization of the 26S proteasome
YML124C	TUB3	Alpha-tubulin; associates with beta-tubulin (Tub2p) to form tubulin dimer, which polymerizes to form microtubules; expressed at lower level than Tub1p; TUB3 has a paralog, TUB1, that arose from the whole genome duplication
YLR200W	YKE2	Subunit of the heterohexameric Gim/prefoldin protein complex; involved in the folding of alpha-tubulin, beta-tubulin, and actin; prefoldin complex also localizes to chromatin of actively transcribed genes in the nucleus and facilitates transcriptional elongation
YNL153C	GIM3	Subunit of the heterohexameric cochaperone prefoldin complex; prefoldin binds specifically to cytosolic chaperonin and transfers target proteins to it; prefoldin complex also localizes to chromatin of actively transcribed genes in the nucleus and facilitates transcriptional elongation
YEL003W	GIM4	Subunit of the heterohexameric cochaperone prefoldin complex; complex binds specifically to cytosolic chaperonin and transfers target proteins to it
YML094W	GIM5	Subunit of the heterohexameric cochaperone prefoldin complex; prefoldin binds specifically to cytosolic chaperonin and transfers target proteins to it; prefoldin complex also localizes to chromatin of actively transcribed genes in the nucleus and facilitates transcriptional elongation
YOR349W	CIN1	Tubulin folding factor D involved in beta-tubulin (Tub2p) folding; isolated as mutant with increased chromosome loss and sensitivity to benomyl
YGR078C	PAC10	Part of the heteromeric co-chaperone GimC/prefoldin complex; complex promotes efficient protein folding
YDL028C	MPS1	Dual-specificity kinase; autophosphorylation required for function; required for spindle pole body (SPB) duplication and spindle checkpoint function; contributes to bi-orientation by promoting formation of force-generating kinetochore-microtubule attachments in meiosis I; substrates include SPB proteins Spc42p, Spc110p, and Spc98p, mitotic exit network protein Mob1p, kinetochore protein Cnn1p, and checkpoint protein Mad1p; substrate of APCC(Cdh1); similar to human Mps1p
YBL034C	STU1	Component of the mitotic spindle; binds to interpolar microtubules via its association with beta-tubulin (Tub2p); required for interpolar microtubules to provide an outward force on the spindle poles
YER007W	PAC2	Microtubule effector required for tubulin heterodimer formation; binds alpha-tubulin, required for normal microtubule function, null mutant exhibits cold-sensitive microtubules and sensitivity to benomyl
YOR144C	ELG1	Subunit of an alternative replication factor C complex; important for DNA replication and genome integrity; suppresses spontaneous DNA damage; involved in homologous recombination-mediated repair and telomere homeostasis; required for PCNA (Pol30p) unloading during DNA replication
YKL113C	RAD27	5' to 3' exonuclease, 5' flap endonuclease; required for Okazaki fragment processing and maturation, for long-patch base-excision repair and large loop repair (LLR), ribonucleotide excision repair; member of the S. pombe RAD2/FEN1 family; relocalizes to the cytosol in response to hypoxia
YDL102W	POL3	Catalytic subunit of DNA polymerase delta; required for chromosomal DNA replication during mitosis and meiosis, intragenic recombination, repair of double strand DNA breaks, and DNA replication during nucleotide excision repair (NER)
YOR217W	RFC1	Subunit of heteropentameric Replication factor C (RF-C); RF-C is a DNA binding protein and ATPase that acts as a clamp loader of the proliferating cell nuclear antigen (PCNA) processivity factor for DNA polymerases delta and epsilon
YDL102W	POL3	Catalytic subunit of DNA polymerase delta; required for chromosomal DNA replication during mitosis and meiosis, intragenic recombination, repair of double strand DNA breaks, and DNA replication during nucleotide excision repair (NER)
YKL045W	PRI2	Subunit of DNA primase; DNA primase is required for DNA synthesis and double-strand break repair
YCL061C	MRC1	S-phase checkpoint protein required for DNA replication; couples DNA helicase and polymerase; interacts with and stabilizes Pol2p at stalled replication forks during stress, where it forms a pausing complex with Tof1p and is phosphorylated by Mec1p; defines a novel S-phase checkpoint with Hog1p that coordinates DNA replication and transcription upon osmostress; protects uncapped telomeres; Dia2p-dependent degradation mediates checkpoint recovery; mammalian claspin homolog
YNL262W	POL2	Catalytic subunit of DNA polymerase (II) epsilon; a chromosomal DNA replication polymerase that exhibits processivity and proofreading exonuclease activity; participates in leading-strand synthesis during DNA replication; also involved in DNA synthesis during DNA repair; interacts extensively with Mrc1p
YJR043C	POL32	Third subunit of DNA polymerase delta; involved in chromosomal DNA replication; required for error-prone DNA synthesis in the presence of DNA damage and processivity; forms a complex with Rev3p, Rev7p and Pol31p; interacts with Hys2p, PCNA (Pol30p), and Pol1p
YOR080W	DIA2	Origin-binding F-box protein; forms SCF ubiquitin ligase complex with Skp1p and Cdc53p; functions in ubiquitination of silent chromatin structural protein Sir4p; required to target Cdc6p for destruction during G1 phase; required for deactivation of Rad53 checkpoint kinase, completion of DNA replication during recovery from DNA damage, assembly of RSC complex, RSC-mediated transcription regulation, and nucleosome positioning; involved in invasive and pseudohyphal growth
YBR063C		Putative protein of unknown function; YBR063C is not an essential gene
YDR248C		Putative gluconokinase; sequence similarity to bacterial and human gluconokinase; green fluorescent protein (GFP)-fusion protein localizes to the cytoplasm; upregulated by deletion of the RNAP-II associated factor, PAF1
YPR131C	NAT3	Catalytic subunit of the NatB N-terminal acetyltransferase; NatB catalyzes acetylation of the amino-terminal methionine residues of all proteins beginning with Met-Asp or Met-Glu and of some proteins beginning with Met-Asn or Met-Met
YLR439W	MRPL4	Mitochondrial ribosomal protein of the large subunit; homolog of prokaryotic L29 ribosomal protein; located at the ribosomal tunnel exit
YBR162W-A	YSY6	Protein of unknown function; expression suppresses a secretory pathway mutation in E. coli; has similarity to the mammalian RAMP4 protein involved in secretion
YPL277C		Putative protein of unknown function; localized to the membranes; gene expression regulated by copper levels
YMR041C	ARA2	NAD-dependent arabinose dehydrogenase; involved in biosynthesis of dehydro-D-arabinono-1,4-lactone; similar to plant L-galactose dehydrogenase
YEL070W	DSF1	Mannitol dehydrogenase; deletion suppresses mutation of mpt5; DSF1 has a paralog, MAN2, that arose from a segmental duplication
YLR231C	BNA5	Kynureninase; required for the de novo biosynthesis of NAD from tryptophan via kynurenine; expression regulated by Hst1p
YOR174W	MED4	Subunit of the RNA polymerase II mediator complex; associates with core polymerase subunits to form the RNA polymerase II holoenzyme; essential for transcriptional regulation
YPL023C	MET12	Protein with MTHFR activity in vitro; null mutant has no phenotype and is prototrophic for methionine; MET13 encodes major isozyme of methylenetetrahydrofolate reductase (MTHFR)
YJL143W	TIM17	Essential component of the TIM23 complex; with Tim23p, contributes to the architecture and function of the import channel; may link the import motor to the core Translocase of the Inner Mitochondrial membrane (TIM23 complex)
YER012W	PRE1	Beta 4 subunit of the 20S proteasome; localizes to the nucleus throughout the cell cycle
YHR083W	SAM35	Component of the sorting and assembly machinery (SAM) complex; the SAM (or TOB) complex is located in the mitochondrial outer membrane; the complex binds precursors of beta-barrel proteins and facilitates their insertion into the outer membrane
YML035C	AMD1	AMP deaminase; tetrameric enzyme that catalyzes the deamination of AMP to form IMP and ammonia; thought to be involved in regulation of intracellular purine (adenine, guanine, and inosine) nucleotide pools
YGR234W	YHB1	Nitric oxide oxidoreductase; flavohemoglobin that plays role in oxidative and nitrosative stress responses; protects against nitration of cellular targets and against cell growth inhibition under aerobic or anaerobic conditions; yeast flavohemoglobin Yhb1p and human homolog neuroglobin NGB protect cells against alpha-synuclein cytotoxicity and aggregate formation; protein increases in abundance, relocalizes from nucleus to cytoplasmic foci upon DNA replication stress
YER077C	MRX1	Protein that associates with mitochondrial ribosome; green fluorescent protein (GFP)-fusion protein localizes to the mitochondrion; null mutation results in a decrease in plasma membrane electron transport
YNL200C	NNR1	NADHX epimerase; catalyzes isomerization of (R)- and (S)-NADHX; homologous to AIBP in mammals and the N- terminal domain of YjeF in E.coli; enzyme is widespread in eukaryotes, prokaryotes and archaea; the authentic, non-tagged protein is detected in highly purified mitochondria in high-throughput studies
YBR055C	PRP6	Splicing factor; component of the U4/U6-U5 snRNP complex
YHR033W		Putative protein of unknown function; epitope-tagged protein localizes to the cytoplasm; YHR033W has a paralog, PRO1, that arose from the whole genome duplication
YBL080C	PET112	Subunit of the trimeric GatFAB AmidoTransferase(AdT) complex; involved in the formation of Q-tRNAQ; mutation is functionally complemented by the bacterial GatB ortholog
YBR139W	ATG42	Vacuolar serine-type carboxypeptidase; involved, along with functional homolog Prc1p, in vacuolar zymogen activation, breakdown of the autophagic body, and autophagosome-dependent protein synthesis; role in phytochelatin synthesis; localizes to the vacuole lumen; expression induced by nitrogen limitation in a GLN3, GAT1-independent manner; N-glycosylated
YOL052C	SPE2	S-adenosylmethionine decarboxylase; required for the biosynthesis of spermidine and spermine; cells lacking Spe2p require spermine or spermidine for growth in the presence of oxygen but not when grown anaerobically
YML125C	PGA3	Putative cytochrome b5 reductase, localized to the plasma membrane; may be involved in regulation of lifespan; required for maturation of Gas1p and Pho8p, proposed to be involved in protein trafficking; PGA3 has a paralog, AIM33, that arose from the whole genome duplication
YOL112W	MSB4	GTPase-activating protein of the Ras superfamily; acts primarily on Sec4p, localizes to the bud site and bud tip; msb3 msb4 double mutation causes defects in secretion and actin organization; similar to the TBC-domain Tre2 oncogene; MSB4 has a paralog, MSB3, that arose from the whole genome duplication; human homolog USP6NL can complement yeast msb3 msb4 double null mutant
YMR182C	RGM1	Putative zinc finger DNA binding transcription factor; contains two N-terminal C2H2 zinc fingers and C-terminal proline rich domain; overproduction impairs cell growth and induces expression of genes involved in monosaccharide catabolism and aldehyde metabolism; regulates expression of of Y' telomeric elements and subtelomeric COS genes; relocalizes to the cytosol in response to hypoxia; RGM1 has a paralog, USV1, that arose from the whole genome duplication
YBL101C	ECM21	Protein involved in regulating endocytosis of plasma membrane proteins; identified as a substrate for ubiquitination by Rsp5p and deubiquitination by Ubp2p; promoter contains several Gcn4p binding elements; ECM21 has a paralog, CSR2, that arose from the whole genome duplication
YNL200C	NNR1	NADHX epimerase; catalyzes isomerization of (R)- and (S)-NADHX; homologous to AIBP in mammals and the N- terminal domain of YjeF in E.coli; enzyme is widespread in eukaryotes, prokaryotes and archaea; the authentic, non-tagged protein is detected in highly purified mitochondria in high-throughput studies
YDR192C	NUP42	FG-nucleoporin component of central core of the nuclear pore complex; also part of the nuclear pore complex (NPC) cytoplasmic filaments; contributes directly to nucleocytoplasmic transport and maintenance of the NPC permeability barrier and is involved in gene tethering at the nuclear periphery; interacts with Gle1p
YBR200W-A		Putative protein of unknown function; identified by fungal homology and RT-PCR
YKL061W	BLI1	Subunit of the BLOC-1 complex involved in endosomal maturation; interacts with Msb3p; green fluorescent protein (GFP)-fusion protein localizes to the endosome
YHL025W	SNF6	Subunit of the SWI/SNF chromatin remodeling complex; involved in transcriptional regulation; functions interdependently in transcriptional activation with Snf2p and Snf5p; relocates to the cytosol under hypoxic conditions
YML097C	VPS9	Guanine nucleotide exchange factor (GEF) and ubiquitin receptor; involved in vesicle-mediated vacuolar transport, including Golgi-endosome trafficking and sorting through the multivesicular body (MVB); stimulates the intrinsic guanine nucleotide exchange activity of Rab family members (Vps21p/Ypt52p/Ypt53p); partially redundant with GEF MUK1; required for localization of the CORVET complex to endosomes; similar to mammalian ras inhibitors; contains a Ub-interacting CUE domain
YPR074C	TKL1	Transketolase; catalyzes conversion of xylulose-5-phosphate and ribose-5-phosphate to sedoheptulose-7-phosphate and glyceraldehyde-3-phosphate in the pentose phosphate pathway; needed for synthesis of aromatic amino acids; TKL1 has a paralog, TKL2, that arose from the whole genome duplication
YBR123C	TFC1	Subunit of RNA polymerase III transcription initiation factor complex; one of six subunits of the RNA polymerase III transcription initiation factor complex (TFIIIC); part of the TauA globular domain of TFIIIC that binds DNA at the BoxA promoter sites of tRNA and similar genes; human homolog is TFIIIC-63
YIL069C	RPS24B	Protein component of the small (40S) ribosomal subunit; homologous to mammalian ribosomal protein S24, no bacterial homolog; RPS24B has a paralog, RPS24A, that arose from the whole genome duplication
YPL016W	SWI1	Subunit of the SWI/SNF chromatin remodeling complex; regulates transcription by remodeling chromatin; required for transcription of many genes, including ADH1, ADH2, GAL1, HO, INO1 and SUC2; self-assembles to form [SWI+] prion and to alter expression pattern; human homolog ARID1A is a candidate tumor suppressor gene in breast cancer
YNL178W	RPS3	Protein component of the small (40S) ribosomal subunit; has apurinic/apyrimidinic (AP) endonuclease activity; essential for viability; nascent Rps3p is bound by specific chaperone Yar1p during translation; homologous to mammalian ribosomal protein S3 and bacterial S3
YMR023C	MSS1	Mitochondrial protein; forms a heterodimer complex with Mto1p that performs the 5-carboxymethylaminomethyl modification of the wobble uridine base in mitochondrial tRNAs; similar to human GTPBP3
YKL035W	UGP1	UDP-glucose pyrophosphorylase (UGPase); catalyses the reversible formation of UDP-Glc from glucose 1-phosphate and UTP, involved in a wide variety of metabolic pathways, expression modulated by Pho85p through Pho4p; involved in PKA-mediated oxidative stress resistance and long-term survival in stationary phase; UGP1 has a paralog, YHL012W, that arose from the whole genome duplication
YMR266W	RSN1	Membrane protein of unknown function; overexpression suppresses NaCl sensitivity of sro7 mutant cells by restoring sodium pump (Ena1p) localization to the plasma membrane
YDR266C	HEL2	RING finger ubiquitin ligase (E3); involved in ubiquitination and degradation of excess histones; interacts with Ubc4p and Rad53p; null mutant sensitive to hydroxyurea (HU); green fluorescent protein (GFP)-fusion protein localizes to the cytoplasm; computational analysis suggests a role as a transcription factor
YPL203W	TPK2	cAMP-dependent protein kinase catalytic subunit; promotes vegetative growth in response to nutrients via the Ras-cAMP signaling pathway; partially redundant with Tpk1p and Tpk3p; localizes to P-bodies during stationary phase; relocalizes to the cytosol in response to hypoxia
YNR022C	MRPL50	Mitochondrial ribosomal protein of the large subunit; not essential for mitochondrial translation
YHR216W	IMD2	Inosine monophosphate dehydrogenase; catalyzes the rate-limiting step in GTP biosynthesis, expression is induced by mycophenolic acid resulting in resistance to the drug, expression is repressed by nutrient limitation; IMD2 has a paralog, YAR073W/YAR075W, that arose from a segmental duplication
YLR401C	DUS3	Dihydrouridine synthase; member of a widespread family of conserved proteins including Smm1p, Dus1p, and Dus4p; contains a consensus oleate response element (ORE) in its promoter region; forms nuclear foci upon DNA replication stress
YLR353W	BUD8	Protein involved in bud-site selection; diploid mutants display a unipolar budding pattern instead of the wild-type bipolar pattern, and bud at the proximal pole; BUD8 has a paralog, BUD9, that arose from the whole genome duplication
YPL171C	OYE3	Conserved NADPH oxidoreductase containing flavin mononucleotide (FMN); homologous to Oye2p with different ligand binding and catalytic properties; has potential roles in oxidative stress response and programmed cell death
YGL215W	CLG1	Cyclin-like protein that interacts with Pho85p; has sequence similarity to G1 cyclins PCL1 and PCL2
YOR030W	DFG16	Probable multiple transmembrane protein; involved in diploid invasive and pseudohyphal growth upon nitrogen starvation; is glycosylated and phosphorylated; interacts with Rim21p and Rim9p in the plasma membrane to form a pH-sensing complex in the Rim101 pathway and is required to maintain Rim21p levels; required for accumulation of processed Rim101p
YJL061W	NUP82	Linker nucleoporin component of the nuclear pore complex (NPC); also part of the NPC cytoplasmic filaments; contributes to nucleocytoplasmic transport and NPC biogenesis; forms stable associations with three FG-nucleoporins (Nsp1p, Nup159p, and Nup116p); relocalizes to the cytosol in response to hypoxia
YOR096W	RPS7A	Protein component of the small (40S) ribosomal subunit; interacts with Kti11p; deletion causes hypersensitivity to zymocin; homologous to mammalian ribosomal protein S7, no bacterial homolog; RPS7A has a paralog, RPS7B, that arose from the whole genome duplication
YNL066W	SUN4	Cell wall protein related to glucanases; possibly involved in cell wall septation; member of the SUN family; SUN4 has a paralog, SIM1, that arose from the whole genome duplication
YFL014W	HSP12	Plasma membrane protein involved in maintaining membrane organization; involved in maintaining organization during stress conditions; induced by heat shock, oxidative stress, osmostress, stationary phase, glucose depletion, oleate and alcohol; protein abundance increased in response to DNA replication stress and dietary restriction; regulated by the HOG and Ras-Pka pathways; required for dietary restriction-induced lifespan extension
YMR126C	DLT1	Protein of unknown function; mutant sensitive to 6-azauracil (6AU) and mycophenolic acid (MPA)
YBR227C	MCX1	Non-proteolytic ATPase of the AAA family; stimulates incorporation of the pyridoxal phosphate cofactor into Hem1p (5-aminolevulinic acid synthase); localized to the mitochondrial matrix; ortholog of vertebrate CLPX, which promotes erythropoiesis
YHR072W	ERG7	Lanosterol synthase; an essential enzyme that catalyzes the cyclization of squalene 2,3-epoxide, a step in ergosterol biosynthesis; human LSS functionally complements the lethality of the erg7 null mutation
YNL242W	ATG2	Peripheral membrane protein required for autophagic vesicle formation; also required for vesicle formation during pexophagy and the cytoplasm-to-vaucole targeting (Cvt) pathway; involved in Atg9p cycling between the phagophore assembly site and mitochondria; contains an APT1 domain that binds phosphatidylinositol-3-phosphate; essential for cell cycle progression from G2/M to G1 under nitrogen starvation; forms cytoplasmic foci upon DNA replication stress
YLR043C	TRX1	Cytoplasmic thioredoxin isoenzyme; part of thioredoxin system which protects cells against oxidative and reductive stress; forms LMA1 complex with Pbi2p; acts as a cofactor for Tsa1p; required for ER-Golgi transport and vacuole inheritance; with Trx2p, facilitates mitochondrial import of small Tims Tim9p, Tim10p, Tim13p by maintaining them in reduced form; abundance increases iunder DNA replication stress; TRX1 has a paralog, TRX2, that arose from the whole genome duplication
YML129C	COX14	Mitochondrial cytochrome c oxidase (complex IV) assembly factor; also involved in translational regulation of Cox1p and prevention of Cox1p aggregation before assembly; associates with complex IV assembly intermediates and complex III/complex IV supercomplexes; located in the mitochondrial membrane
YDR052C	DBF4	Regulatory subunit of Cdc7p-Dbf4p kinase complex; required for Cdc7p kinase activity and initiation of DNA replication; phosphorylates the Mcm2-7 family of proteins; cell cycle regulated; relative distribution to the nucleus increases upon DNA replication stress; co-expression of human CDC7 and DBF4 complements single cdc7 or dbf4 null mutations or the cdc7 dbf4 double null mutation
YGL141W	HUL5	Multiubiquitin chain assembly factor (E4); proteasome processivity factor that elongates polyUb chains on substrates, opposing Ubp6p, a branched polyubiquitin protease; required for retrograde transport of misfolded proteins during ERAD; required for ubiquitination of a subset of cytosolic misfolded proteins upon heat shock
YOL055C	THI20	Trifunctional enzyme of thiamine biosynthesis, degradation and salvage; has hydroxymethylpyrimidine (HMP) kinase, HMP-phosphate (HMP-P) kinase and thiaminase activities; member of a gene family with THI21 and THI22; HMP and HMP-P kinase activity redundant with Thi21p
YOR268C		Putative protein of unknown function; sporulation is abnormal in homozygous diploid; SWAT-GFP fusion protein localizes to the nucleus; YOR268C is not an essential gene
YFL007W	BLM10	Proteasome activator; binds the core proteasome (CP) and stimulates proteasome-mediated protein degradation by inducing gate opening; required for sequestering CP into proteasome storage granule (PSG) during quiescent phase and for nuclear import of CP in proliferating cells; required for resistance to bleomycin, may be involved in protecting against oxidative damage; similar to mammalian PA200
YPL192C	PRM3	Protein required for nuclear envelope fusion during karyogamy; pheromone-regulated; peripheral protein of the nuclear membrane; interacts with Kar5p at the spindle pole body
YBR260C	RGD1	GTPase-activating protein (RhoGAP) for Rho3p and Rho4p; possibly involved in control of actin cytoskeleton organization
YMR010W	ANY1	Protein involved in phospholipid flippase function; null allele suppresses growth and membrane trafficking defects associated with all flippase null alleles; proposed function as a phospholipid scramblase that reduces membrane asymmetry; PQ loop family member; localizes to the endosome and trans-Golgi network; non-essential gene
YPR054W	SMK1	Middle sporulation-specific mitogen-activated protein kinase (MAPK); required for production of the outer spore wall layers; negatively regulates activity of the glucan synthase subunit Gsc2p
YLR092W	SUL2	High affinity sulfate permease; sulfate uptake is mediated by specific sulfate transporters Sul1p and Sul2p, which control the concentration of endogenous activated sulfate intermediates
YFR040W	SAP155	Protein required for function of the Sit4p protein phosphatase; forms a complex with Sit4p; member of a family of similar proteins including Sap4p, Sap185p, and Sap190p; protein abundance increases in response to DNA replication stress; SAP155 has a paralog, SAP4, that arose from the whole genome duplication
YML082W		Putative protein predicted to have carbon-sulfur lyase activity; transcriptionally regulated by Upc2p via an upstream sterol response element; green fluorescent protein (GFP)-fusion protein localizes to the nucleus and the cytoplasm; not an essential gene; YML082W has a paralog, STR2, that arose from the whole genome duplication
YKR081C	RPF2	Essential protein involved in rRNA maturation and ribosomal assembly; involved in the processing of pre-rRNA and the assembly of the 60S ribosomal subunit; interacts with ribosomal protein L11; localizes predominantly to the nucleolus; constituent of 66S pre-ribosomal particles
YAL062W	GDH3	NADP(+)-dependent glutamate dehydrogenase; synthesizes glutamate from ammonia and alpha-ketoglutarate; rate of alpha-ketoglutarate utilization differs from Gdh1p; expression regulated by nitrogen and carbon sources; GDH3 has a paralog, GDH1, that arose from the whole genome duplication
YDR221W	GTB1	Glucosidase II beta subunit, forms a complex with alpha subunit Rot2p; involved in removal of two glucose residues from N-linked glycans during glycoprotein biogenesis in the ER; relocalizes from ER to cytoplasm upon DNA replication stress
YBL081W		Non-essential protein of unknown function; null mutation results in a decrease in plasma membrane electron transport
YNL227C	JJJ1	Co-chaperone that stimulates the ATPase activity of Ssa1p; required for a late step of ribosome biogenesis; associated with the cytosolic large ribosomal subunit; contains a J-domain; mutation causes defects in fluid-phase endocytosis
YJR107W	LIH1	Putative lipase
YMR017W	SPO20	Meiosis-specific subunit of the t-SNARE complex; required for prospore membrane formation during sporulation; similar to but not functionally redundant with Sec9p; binds to phosphatidic acid; SNAP-25 homolog
YBR043C	QDR3	Multidrug transporter of the major facilitator superfamily; member of the 12-spanner drug:H(+) antiporter DHA1 family; has a role in polyamine homeostasis; involved in spore wall asembly; sequence similarity to DTR1 and QDR1, and the triple mutant dtr1 qdr1 qdr3 exhibits reduced dityrosine fluorescence relative to the single mutants; expression is upregulated under polyamine stress; required for resistance to quinidine, barban, cisplatin, and bleomycin
YIL139C	REV7	Accessory subunit of DNA polymerase zeta; involved in translesion synthesis during post-replication repair; required for mutagenesis induced by DNA damage; involved in double-strand break repair; forms a complex with Rev3p, Pol31p and Pol32p
YKL114C	APN1	Major apurinic/apyrimidinic endonuclease; 3'-repair diesterase; involved in repair of DNA damage by oxidation and alkylating agents; also functions as a 3'-5' exonuclease to repair 7,8-dihydro-8-oxodeoxyguanosine; genetically interacts with NTG1 to maintain mitochondrial genome integrity
YKL224C	PAU16	Protein of unknown function; member of the seripauperin multigene family encoded mainly in subtelomeric regions; SWAT-GFP and mCherry fusion proteins localize to the vacuole
YAL046C	BOL3	Protein involved in Fe-S cluster transfer to mitochondrial clients; protects [4Fe-4S] clusters from damage due to oxidative stress by acting along with Nfu1p at a late step in the transfer of [4Fe-4S] clusters from the ISA complex to mitochondrial client proteins like lipoate synthase and succinate dehydrogenase; sequence similarity to human BOLA family member, BOLA3, mutations of which are associated with Multiple Mitochondria Dysfunctions Syndrome (MMDS2)
YBR004C	GPI18	Functional ortholog of human PIG-V; PIG-V is a mannosyltransferase that transfers the second mannose in glycosylphosphatidylinositol biosynthesis; the authentic, non-tagged protein was localized to mitochondria
YOR111W		Putative protein of unknown function
YBR014C	GRX7	Cis-golgi localized monothiol glutaredoxin; more similar in activity to dithiol than other monothiol glutaredoxins; involved in the oxidative stress response; does not bind metal ions; GRX7 has a paralog, GRX6, that arose from the whole genome duplication
YIR010W	DSN1	Essential component of the outer kinetochore MIND complex; joins kinetochore subunits contacting DNA to those contacting microtubules; phosphorylation promotes interaction between outer and inner kinetochore proteins; kinetochore receptor for monopolin, via interaction with Csm1p; essential for both meiotic and mitotic chromosome segregation; MIND complex consists of Mtw1p, Nnf1p, Nsl1p and Dsn1p; phosphorylated by monopolin subunit, Hrr25p and Aurora kinase, Ipl1p; modified by sumoylation
YGR260W	TNA1	High affinity nicotinic acid plasma membrane permease; responsible for uptake of low levels of nicotinic acid; expression of the gene increases in the absence of extracellular nicotinic acid or para-aminobenzoate (PABA)
YIR010W	DSN1	Essential component of the outer kinetochore MIND complex; joins kinetochore subunits contacting DNA to those contacting microtubules; phosphorylation promotes interaction between outer and inner kinetochore proteins; kinetochore receptor for monopolin, via interaction with Csm1p; essential for both meiotic and mitotic chromosome segregation; MIND complex consists of Mtw1p, Nnf1p, Nsl1p and Dsn1p; phosphorylated by monopolin subunit, Hrr25p and Aurora kinase, Ipl1p; modified by sumoylation
YNL151C	RPC31	RNA polymerase III subunit C31
YHR097C		Putative protein of unknown function; green fluorescent protein (GFP)-fusion protein localizes to the cytoplasm and the nucleus; YHR097C has a paralog, PAL1, that arose from the whole genome duplication
YER162C	RAD4	Protein that recognizes and binds damaged DNA (with Rad23p) during NER; subunit of Nuclear Excision Repair Factor 2 (NEF2); also involved, with Rad23p, in turnover of ubiquitylated proteins; Rad4p-Rad23p heterodimer binds to promoters of DNA damage response genes to repress their transcription in the absence of DNA damage; NER stands for nucleotide excision repair
YCR007C		Putative integral membrane protein; member of DUP240 gene family; SWAT-GFP and mCherry fusion proteins localize to the cell periphery and vacuole; YCR007C is not an essential gene
YER186C		Putative protein of unknown function
YDR147W	EKI1	Ethanolamine kinase; primarily responsible for phosphatidylethanolamine synthesis via the CDP-ethanolamine pathway; exhibits some choline kinase activity, thus contributing to phosphatidylcholine synthesis via the CDP-choline pathway; EKI1 has a paralog, CKI1, that arose from the whole genome duplication
YCL047C	POF1	Nicotinamide mononucleotide-specific adenylyltransferase (NMNAT); catalyzes the conversion of nicotinamide mononucleotide (NMN) to nicotinamide adenine dinucleotide (NAD+); role in the nicotinamide riboside (NR) salvage pathway of NAD+ biosynthesis; involved in NR and NAD+ homeostasis; ATPase involved in protein quality control and filamentation pathways; interacts physically with Kss1p and suppresses the filamentation defect of a kss1 deletion
YFR017C	IGD1	Cytoplasmic protein that inhibits Gdb1p glycogen debranching activity; required for normal intracellular accumulation of glycogen; phosphorylated in vivo; expression increases during wine fermentation; protein abundance increases in response to DNA replication stress; IGD1 has a paralog, YOL024W, that arose from the whole genome duplication
YDR444W		Putative hydrolase acting on ester bonds
YNR013C	PHO91	Low-affinity vacuolar phosphate transporter; exports phosphate from the vacuolar lumen to the cytosol; regulates phosphate and polyphosphate metabolism; acts upstream of Pho81p in regulation of the PHO pathway; localizes to sites of contact between the vacuole and mitochondria (vCLAMPs); deletion of pho84, pho87, pho89, pho90, and pho91 causes synthetic lethality; transcription independent of Pi and Pho4p activity; overexpression results in vigorous growth
